"verse_id","language","text"
"40003002","ENG","» Repent , for the kingdom of heaven has come near . «"
"40003002","KAT","და იტყოდა : შეინანეთ , რამეთუ მოახლებულ არს სასუფეველი ცათაჲ ."
"40003017","ENG","Then a voice from heaven said : » This is my Son whom I love and whom I have approved . «"
"40003017","KAT","და ჴმაჲ იყო ზეცით და თქუა : ესე არს ძე ჩემი საყუარელი , რომელი მე სათნო-ვიყავ ."
"40005027","ENG","» You have heard it was said , ‘ You should not commit adultery . ’"
"40005027","KAT","გესმა , რამეთუ ითქუა : არა იმრუშო ."
"40005038","ENG","» You have heard it said , an eye for an eye and a tooth for a tooth ."
"40005038","KAT","გესმა , რამეთუ თქუმულ არს : თუალი თუალისა წილ და კბილი კბილისა წილ ."
"40005043","ENG","» You have heard it said , ‘ You should love your neighbor and hate your enemy . ’"
"40005043","KAT","გესმა , რამეთუ თქუმულ არს : შეიყუარო მოყუასი შენი და მოიძულო მტერი შენი ."
"40007028","ENG","When Jesus had finished these words , the crowds were astonished at what he taught ."
"40007028","KAT","და იყო რაჟამს დაასრულნა იესუ სიტყუანი ესე , განუკჳრდებოდა ერსა მას მოძღურებაჲ იგი მისი ,"
"40008029","ENG","They screamed at him , saying : » What have we to do with you , Son of God ? Have you come to torment us before the time ? «"
"40008029","KAT","და ღაღად-ყვეს და იტყოდეს : რაჲ ძეს ჩუენი და შენი , იესუ , ძეო ღმრთისაო ? რამეთუ მოხუედ აქა უწინარეს ჟამისა ტანჯვად ჩეუნდა ."
"40010017","ENG","» Beware of men ! They will take you to court ! They will have you beaten in their meeting places ."
"40010017","KAT","ეკრძალებოდეთ კაცთაგან , რამეთუ მიგცემდენ თქუენ კრებულსა და შორის შესაკრებელთა მათთა გტანჯვიდენ თქუენ ."
"40010023","ENG","» When they persecute you in this city , flee to the next . I tell you ; before you have gone through all the cities of Israel the Son of man will come ."
"40010023","KAT","რაჟამს გდევნიდენ თქუენ ამიერ ქალაქით , მიივლტოდეთ სხუად . ამენ გეტყჳ თქუენ : ვერ დაასრულოთ ქალაქები ისრაჱლისაჲ , ვიდრემდის ძე კაცისაჲ მოვიდეს ."
"40012005","ENG","» Have you read the law that on the Sabbath day the priests in the Temple profane the Sabbath , and are guiltless ?"
"40012005","KAT","ანუ არა აღმოგიკითხავსა შჯულსა , რამეთუ შაბათთა შინა მღდელთა ტაძარსა მას შინა შაბათი შეურაცხ-ყვიან და უბრალო იყვნიან ?"
"40012007","ENG","» If you had known what this means , ‘ I desire mercy and not sacrifice , ’ ’ you would not have condemned the guiltless ."
"40012007","KAT","უკუეთუმცა გეცნა , რაჲ არს : წყალობაჲ მნებავს და არა მსხუერპლი , არამცა დასაჯენით უბრალონი ."
"40012018","ENG","» Look ! My servant whom I have chosen . I am well pleased with him . I will put my Spirit upon him and he will declare judgment to the nations ."
"40012018","KAT","აჰა ესერა ძე ჩემი , რომელი მე სათნო-ვიყავ , საყუარელი ჩემი , რომელი სთნავს სულსა ჩემსა . დავდა სული ჩემი მის ზედა , და სამართალი წარმართთა მიუთხრას ."
"40012028","ENG","» But if I cast out demons by God’s Spirit , then the kingdom of God has come to you ."
"40012028","KAT","უკუეთუ მე სულითა ღმრთისაჲთა განვასხამ ეშმაკთა , მო-სამე-იწია თქუენ ზედა სასუფეველი ღმრთისაჲ ."
"40015006","ENG","» You say there is no need for him to give honor to his father . You have invalidated the word of God because of your tradition !"
"40015006","KAT","და არა პატივ-სცეს მამასა ანუ დედასა თჳსსა , ესევითართა დაუმტკიცებელ ჰყავთ მცნებაჲ ღმრთისაჲ მოძღურებითა თქუენითა ."
"40015032","ENG","Jesus called his disciples and said : » I feel compassion for the people , because they have remained with me now three days and have nothing to eat . I do not want to send them away hungry , for they might faint on the way . «"
"40015032","KAT","ხოლო იესუ მოუწოდა მოწაფეთა თჳსთა და ჰრქუა მათ : მეწყალის ერი ესე , რამეთუ აჰა ესერა სამი დღე არს , და მელიან მე და არარაჲ აქუს , რაჲმცა ჭამეს ; და განტევებაჲ მათი უზმთაჲ არა მნებავს , ნუუკუე დაცჳვენ გზასა ზედა ."
"40017012","ENG","» I tell you that Elijah has come . They did not know him and treated him badly as they pleased . They will do the same with the Son of man . «"
"40017012","KAT","ხოლო გეტყჳ თქუენ , რამეთუ ელია აწვე მოვიდა , და არა იცნეს იგი , არამედ უყვეს მას , რაოდენი უნდა . და ეგრეთვე ძესაცა კაცისასა ეგულების ვნებად მათგან ."
"40018012","ENG","» What do you think ? A man has a hundred sheep , and one of them has gone wandering away . Will he leave the ninety-nine and go in search of the wandering one ?"
"40018012","KAT","ვითარ ჰგონებთ თქუენ : კაცსა თუ ვისმე ედგას ასი ცხოვარი და შეცსთეს ერთი მათგანი , არამე დაუტევნესა და ოთხმეოც და ათცხრამეტნი იგი მთათა ზედა და წარვიდეს და მოიძიოს შეცთომილი იგი ?"
"40019004","ENG","He answered : » Have you not read , that he who made them from the beginning made them male and female ?"
"40019004","KAT","ხოლო იესუ მიუგო და ჰრქუა მათ : არა აღმოგიკითხავსა , რამეთუ რომელმან დაჰბადა დასაბამსა , მამაკაცად და დედაკაცად შექმნნა იგინი ?"
"40019012","ENG","» For there are men who , from birth , were without sex . There are some who were made that way by men . There are others who have made themselves so for the kingdom of heaven . He who is able to accept this let him accept it . «"
"40019012","KAT","რამეთუ არიან საჭურისნი , რომელნი მუცლითგან დედისა თჳსისაჲთ საჭურისნი იშვნეს ; და არიან საჭურისნი , რომელნი კაცთაგან გამოისაჭურისნეს ; და არიან საჭურისნი , რომელთა გამოისაჭურისნეს თავნი თჳსნი სასუფეველისათჳს ცათაჲსა . რომელი შემძლებელ არს დატევნად , დაიტიენ ."
"40019028","ENG","Jesus replied : » Truly I say to you , when all things are made new , and the Son of man is seated in his glory , you who have come after me will be seated on twelve seats , judging the twelve tribes of Israel ."
"40019028","KAT","ხოლო იესუ ჰრქუა მათ : ამენ გეტყჳ თქუენ , რამეთუ თქუენ , რომელნი-ეგე შემომიდეგით მე , მერმესა მას შობასა , რაჟამს დაჯდეს ძე კაცისაჲ საყდართა დიდებისა თჳსისათა , დასხდეთ თქუენცა ათორმეტთა საყდართა განსჯად ათორმეტთა ტომთა ისრაჱლისათა ."
"40020012","ENG","» They said : ‘ The last ones have done only one hour’s work . You have made them equal to us . We have undergone the hard work of the day and the burning heat . ’"
"40020012","KAT","და იტყოდეს , ვითარმედ : უკუანაჲსკნელთა მათ ერთი ხოლო ჟამი დაყვეს , და სწორ ჩუენდა ჰყუენ იგინი , რომელთა ვიტჳრთეთ სიმძიმე დღისაჲ და სიცხე ."
"40021042","ENG","Jesus said to them : » Have you read the Scriptures , ‘ The stone the builders rejected has been made the chief cornerstone of the building . This was Jehovah’s doing , and it is wonderful in our eyes . ’"
"40021042","KAT","ჰრქუა მათ იესუ არასადა აღმოგიკითხავსა წიგნთა შინა : ლოდი , რომელ შეურაცხ-ყვეს მაშენებელთა , ესე იქმნა თავ კიდეთა . უფლისა მიერ იყო ესე და არს საკჳრველ წინაშე თუალთა ჩუენთა ."
"40022031","ENG","» Concerning the resurrection of the dead , have you read that which was spoken to you by God ?"
"40022031","KAT","ხოლო აღდგომისათჳს მკუდართასა არა აღმოგიკითხავსა თქუმული იგი ღმრთისამიერი , რომელსა იტყჳს :"
"40022034","ENG","The Pharisees assembled together when they heard that he had put the Sadducees to silence ."
"40022034","KAT","ხოლო ფარისეველთა რაჲ ესმა , რამეთუ დაუყო პირი სადუკეველთა მათ , შეკრბეს ერთად ."
"40023023","ENG","» Woe to you , scribes and Pharisees , hypocrites ! You tithe mint and dill and cumin , and have left undone the weightier matters of the law : justice , mercy and faith . You should do both and leave nothing undone ."
"40023023","KAT","ვაჲ თქუენდა , მწიგნობარნო და ფარისეველნო ორგულნო , რამეთუ ათეულსა მიიღებთ პიტნაკისასა და ცერეცოჲსასა და ძირაკისასა და დაგიტევებიეს უმძიმესი შჯულისაჲ : სამართალი და წყალობაჲ და სარწმუნოებაჲ . ესე ჯერ-იყო საქმედ და იგი არა დატევებად ."
"40023030","ENG","» You claim that you would not have been involved with your fathers when they spilled the blood of the prophets ."
"40023030","KAT","და იტყჳთ : უკუეთუმცა ვიყვენით დღეთა მათ მამათა ჩეუნთასა , არამცა ვიყვენით მათ თანა ზიარ სისხლსა მას წინაწარმეტყუელთასა ."
"40024043","ENG","» Know this , if the master of the house had known what time the thief was coming , he would have watched and his house would not have been vandalized ."
"40024043","KAT","ხოლო ესემცა იცით : უკუეთუმცა უწყოდა სახლისა უფალმან , რომელსა საჴუმილავსა მპარავი მოსლვად არს , იღჳძებდამცა და არა უტევა დათხრად სახლისა თჳსისა ."
"40025021","ENG","» His lord said : ‘ Well done , good and faithful servant . You have been faithful over a few things , so I will put you in charge of many things . Enter into the joy of your lord . ’"
"40025021","KAT","ჰრქუა მას უფალმან მისმან : კეთილ , მონაო სახიერო და სარწმუნოო ! მცირედსა ზედა სარწმუნო იქმენ , მრავალსა ზედა დაგადგინო შენ ; შევედ სიხარულსა უფლისა შენისასა ."
"40025027","ENG","» ‘ You should have put my money in the bank . I should have received my money back plus interest ."
"40025027","KAT","ჯერ-იყო შენდა დადებად ვეცხლი ჩემი სავაჭროსა , და მომცა-ვედ და მოვიღე ჩემი იგი აღნადგინებითურთ ."
"40026047","ENG","As he spoke , Judas , one of the twelve , followed by a crowd carrying swords and spears , approached him . The chief priest and elders of the people had sent them ."
"40026047","KAT","და ვიდრე იგი იტყოდაღა , აჰა ესერა იუდა , ერთი იგი ათორმეტთაგანი , მოვიდა , და მის თანა ერი მრავალი მახჳლებითა და წათებითა მღდელთ-მოძღუართაგან და მოხუცებულთა ერისათა ."
"40026055","ENG","That very hour Jesus said to the people , » Have you come out to take me with swords and sticks as if I were a thief ? You did not take me when I taught in the Temple daily ."
"40026055","KAT","მას ჟამსა ჰრქუა იესუ ერსა მას : ვითარცა ავაზაკსა ზედა გამოხუედით მახჳლითა და წათებითა შეპყრობად ჩემდალ დღითი-დღე თქუენ თანა ტაძარსა მას შინა ვჯედ და გასწავებდ , და არა შემიპყართ მე ."
"40026065","ENG","Then the high priest ripped his robes apart and said : » He has said evil against God ! Why do we need more witnesses ? You have heard his words of blasphemy ! «"
"40026065","KAT","მაშინ მღდელთ-მოძღუარმან მან დაიპო სამოსელი თჳსი და თქუა , ვითარმედ : გმო ; აწ უკუე რაჲსაღა გჳჴმან მოწამენი ? აჰა ესერა გესმა გმობაჲ მაგისი ."
"40027060","ENG","He laid it in his own new tomb , which he had cut out of the rock . Then he rolled a great stone in front of the door of the tomb , and departed ."
"40027060","KAT","და დადვა იგი ახალსა მისსა საფლავსა , რომელი გამოეკუეთა კლდისაგან , და მიაგორვა ლოდი დიდი კარსა მას საფლავისასა და წარვიდა ."
"40028005","ENG","The angel spoke to the women : » I know you seek Jesus who has been impaled ; do not fear ."
"40028005","KAT","მიუგო ანგელოზმან მან და ჰრქუა დედათა მათ : ნუ გეშინინ თქუენ ; ვიცი , რამეთუ იესუს ნაზარეველსა ჯუარ-ცუმულსა ეძიებთ ."
"40028007","ENG","» Go quickly and tell his disciples he has risen from the dead . See , he goes before you to Galilee . You will see him there , as I have told you . «"
"40028007","KAT","და ადრე წარვედით და უთხართ მოწაფეთა მისთა , ვითარმედ : აღდგა მკუდრეთით და აჰა წინა-გიძღჳს თქუენ გალილეას . მუნ იხილოთ იგი . აჰა ესერა გარქუ თქუენ ."
"41001015","ENG","Jesus said : » The time has come . The kingdom of God is at hand . Repent and believe the good news . «"
"41001015","KAT","და იტყოდა , ვითარმედ : აღსრულებულ არს ჟამი და მოახლებულ არს სასუფეველი ღმრთისაჲ ; შეინანეთ და გრწმენინ სახარებისაჲ ."
"41001024","ENG","» What do you want with us Jesus of Nazareth ? Have you come to destroy us ? I know who you are . You are the Holy One of God ! «"
"41001024","KAT","და თქუა : ეჰა , რაჲ არს ჩუენი და შენი , იესუ ნაზარეველო ? მოსრულ ხარ წარწყმედად ჩუენდა . გიცით შენ , ვინ ხარ , წმიდაჲ ეგე ღმრთისაჲ ."
"41002017","ENG","Jesus heard this . He said to them : » Those who are well have no need of a medical man but those who are ill do . I have come to care for sinners not the upright . «"
"41002017","KAT","და ესმა ესე იესუს და ჰრქუა მათ : არა უჴმს ცოცხალთა მკურნალი , არამედ სნეულთა . არა მოვედ წოდებად მართალთა , არამედ ცოდვილთა სინანულად ."
"41004015","ENG","» These are they by the wayside where the word is sown . When they have heard ; Satan comes and takes away the word that has been sown in them ."
"41004015","KAT","ხოლო ესენი არიან , რომელნი-იგი გზასა ზედა , სადა-იგი დაეთესის სიტყუაჲ ; და რაჟამს ისმინიან , მეყსეულად მოვიდის ეშმაკი და მიუღის მათ სიტყუაჲ იგი გულთაგან მათთა ."
"41004016","ENG","» The same is so of the word sown upon the rocky places . When they have heard the word and receive it with joy ,"
"41004016","KAT","და ესენი არიან კლდოვანსა მას დათესულნი , რომელთა-იგი რაჟამს ისმინიან სიტყუაჲ , მეყსეულად სიხარულით მიიღიან ;"
"41004018","ENG","» There is the word sown among the thorns . These have heard the word ,"
"41004018","KAT","და რომელნი ეკალთა შორის დაეთესნეს , ესენი არიან , რომელთა სიტყუაჲ იგი ისმინიან ,"
"41004029","ENG","» When the grain is ready he immediately sends men to cut it , because the time for cutting has come . «"
"41004029","KAT","და რაჟამს მოსცის ნაყოფი , მეყსეულად მოავლინის მანგალი , რამეთუ მოიწია მკაჲ ."
"41005018","ENG","Entering the boat , the man who had been possessed with demons asked that he might be allowed to travel with him ."
"41005018","KAT","და აღ-რაჲ-ვიდა იესუ ნავსა , ევედრებოდა მას , რომელი-იგი იყო პირველ ეშმაკეული , რაჲთა მის თანა იყოს ."
"41006014","ENG","John the Baptist had become well known . King Herod heard that John had risen from the dead . Therefore he was doing these powerful works ."
"41006014","KAT","და ესმა ჰეროდეს მეფესა , რამეთუ განცხადნა სახელი მისი , და იტყოდა , ვითარმედ : იოვანე ნათლის-მცემელი მკუდრეთით აღდგომილ არს , და მისთჳს იქმნებიან ძალნი მისნი თანა ."
"41007029","ENG","Then he replied : » Thanks to your answer you may leave for the demon has gone out of your daughter . «"
"41007029","KAT","ხოლო იესუ ჰრქუა მას : მაგის სიტყჳსათჳს ვიდოდე ! განსრულ არს ეშმაკი ასულისაგან შენისა ."
"41009009","ENG","They came down the mountain . He warned them not to tell anyone what they had seen until after the Son of man had risen from the dead ."
"41009009","KAT","და გარდამო-რაჲ-ვიდოდეს მიერ მთით , ამცნო მათ , რაჲთა არავის უთხრან , რაჲ-იგი იხილეს , გარნა ოდეს ძე კაცისაჲ მკუდრეთით აღდგეს ."
"41009013","ENG","» But I say to you that Elijah has come . They have done to him what ever they wished just as it is written about him . «"
"41009013","KAT","არამედ გეტყჳ თქუენ , რამეთუ ელია მოვიდა , და უყვეს მას , რაოდენი უნდა , ვითარცა წერილ არს მისთჳს ."
"41011017","ENG","When he taught , he said : » Is it not written , my house shall be called a house of prayer for all the nations ? But you have made it a den of robbers . «"
"41011017","KAT","და ასწავებდა და ეტყოდა , ვითარმედ : წერილ არს : სახლსა ჩემსა სახლ სალოცველ ეწოდოს ყოველთა მიერ წარმართთა , ხოლო თქუენ გიყოფიეს იგი ქუაბ ავაზაკთა ."
"41013023","ENG","» Be alert for I have told you all things beforehand ."
"41013023","KAT","ხოლო თქუენ იხილეთ და ეკრძალენით , აჰა ესერა წინაჲსწარ გითხარ თქუენ ყოველი ."
"41014041","ENG","He came a third time and said to them : » Sleep and take your rest . It is enough the hour has come . Look , the Son of man is betrayed into the hands of sinners !"
"41014041","KAT","და მოვიდა მესამედ და ჰრქუა მათ : დაიძინეთ ამიერითგან და განისუენეთ . მოიწია დასასრული , და მოვიდა ჟამი . აჰა ესერა მიეცემის ძე კაცისაჲ ჴელთა ცოდვილთასა ."
"41014048","ENG","Jesus said : » Have you come out as against a thief with swords and sticks to take me ?"
"41014048","KAT","მიუგო იესუ და ჰრქუა მათ : ვითარცა ავაზაკსა ზედა გამოხუედით თქუენ მახჳლებითა და წათებითა შეპყრობად ჩემთა ."
"41014064","ENG","We have heard his words against God . What is your opinion ? They all said he should be put to death ."
"41014064","KAT","გესმა ყოველთა გმობაჲ მაგისგან . ვითარ გნებავს თქუენ ? მაშინ ყოველთა დასაჯეს იგი თანა-მდებად სიკუდილისა ."
"41015046","ENG","He bought a linen cloth , and taking him down , wound him in the linen cloth . Then he laid him in a tomb that had been cut out of a rock . He rolled a stone against the door of the tomb ."
"41015046","KAT","და მან იყიდა არდაგი და გარდამოჰჴსნა იგი ჯუარისა მისგან და წარგრაგნა იგი არდაგითა მით და დადვა იგი საფლავსა , რომელი იყო გამოკუეთილ კლდისაგან , და მიაგორვა ლოდი კარსა ზედა მის საფლავისასა ."
"41016006","ENG","He said to them : » Do not be amazed . Jesus the Nazarene , who has been impaled , is not here . He has risen . Behold , the place where they laid him !"
"41016006","KAT","ხოლო მან ჰრქუა მათ : ნუ განჰკრთებით ! იესუს ეძიებთ ნაზარეველსა , ჯუარ-ცუმულსა ; აღდგა , არა არს აქა . აჰა ადგილი , სადა დადვეს იგი ."
"41016008","ENG","They fled from the tomb , for trembling and astonishment had come on them . They said nothing to anyone for they were afraid ."
"41016008","KAT","და იმათ ვითარცა ესმა ესე , გამოვიდეს და ივლტოდეს მიერ საფლავით , რამეთუ შეძრწუნებულ იყვნეს და დაკჳრვებულ და არარაჲ ვის უთხრეს , რამეთუ ეშინოდა ."
"41016010","ENG","She told those who had been with him , for they mourned and wept ."
"41016010","KAT","იგი წარვიდა და უთხრა მის თანა მყოფთა მათ , რომელნი იგლოვდეს და ტიროდეს ."
"41016011","ENG","When they heard that he was alive and she had seen him they did not believe it ."
"41016011","KAT","და მათ რაჲ ესმა , რამეთუ ცხოველ არს და ეჩუენა , მათ არა ჰრწმენა ."
"41016014","ENG","Afterward he was revealed to the eleven as they sat at the table . He rebuked them for their unbelief and hardness of heart , because they did not believe those who had seen him after he had risen ."
"41016014","KAT","უკუანაჲსკნელ მსხდომარეთა ათერთმეტთა მათ ეჩუენა და აყუედრა ურწმუნოებაჲ მათი და გულ-ფიცხელობაჲ , რამეთუ რომელთა იგი იხილეს აღდგომილი , მათი არა ჰრწმენა ."
"41016019","ENG","After he had spoken to them the Lord Jesus , was received up into heaven , and sat down at the right hand of God ."
"41016019","KAT","ხოლო უფალი შემდგომად სიტყუათა ამათ მათდა მიმართ ამაღლდა ზეცად და დაჯდა მარჯუენით ღმრთისა ."
"42001017","ENG","» He will go before God in the spirit and power of Elijah . He will turn the hearts of fathers to their children and wrongdoers to the way of righteousness . This will make ready a people whose hearts have been directed to Jehovah . «"
"42001017","KAT","და იგი თავადი პირველად განვიდეს წინაშე მისსა სულითა და ძალითა ელიაჲსითა მოქცევად გულნი მამათანი შვილთა მიმართ და ურჩნი გონებითა მართალთაჲთა განმზადებად უფლისა ერი მომზადებული ."
"42001048","ENG","» He has looked on the low position of his servant . All generations from now on will call me blessed ."
"42001048","KAT","რამეთუ მოხედნა სიმდაბლესა ზედა მჴევლისა თჳსისასა ; რამეთუ აჰა ესერა ამიერითგან მნატრიდენ მე ყოველნი ნათესავნი ;"
"42002015","ENG","The angels went away from them into heaven . Then the shepherds said to one another , » Let us go to Bethlehem and see this thing that has happened , which God told us about . «"
"42002015","KAT","და იყო ვითარცა აღვიდეს ანგელოზნი იგი ზეცად , მწყემსთა მათ თქუეს ურთიერთას : განვიდეთ ჩუენ ვიდრე ბეთლემადმდე და ვიხილოთ სიტყუაჲ ესე , რომელი იყო ჩუენდა მომართ , რომელი-იგი უფალმან მაუწყა ჩუენ ."
"42002017","ENG","As soon as they saw it they told what they had heard about the child ."
"42002017","KAT","და ვითარცა იხილეს , გულისჴმა-ყვეს სიტყუაჲ იგი , რომელი ითქუა მათა მიმართ ყრმისა მისთჳს ."
"42002030","ENG","» My eyes have seen your salvation ."
"42002030","KAT","რამეთუ იხილეს თუალთა ჩემთა მაცხოვარებაჲ შენი ,"
"42003019","ENG","John reproved Herod the tetrarch for all the evil things he had done for he took his brother Herodias’ wife ."
"42003019","KAT","ხოლო ჰეროდე , ოთხთა სამთავროთა მთავარმან , რამეთუ ამხილებდა მას ჰეროდიაჲსთჳს , ცოლისა ფილიპეს , ძმისა მისისა , და ყოვლისა მისთჳს , რომელი ქმნა ბოროტი ჰეროდე ."
"42004018","ENG","» The Spirit of Jehovah is upon me . He anointed me to preach good news to the poor . He has sent me to proclaim release to the captives , and recovering of sight to the blind . To set at liberty those who are bruised ."
"42004018","KAT","სული უფლისაჲ ჩემ ზედა , რომლისათჳს მცხო მე მახარებელად გლახაკთა , მომავლინა მე განკურნებად შემუსრვილთა გულითა , ქადაგებად ტყუეთა განტევებისა და ბრმათა ახილვად , განვლინებად მომსრვალთა განტევებითა ,"
"42004034","ENG","» What have we to do with you Jesus , you Nazarene ? Have you come to destroy us ? I know who you are . You are the Holy One of God ! «"
"42004034","KAT","ეჰა , რაჲ არს ჩუენი და შენი , იესუ ნაზარეველო ? მოხუედ წარწყმედად ჩუენდა : გიცი შენ , ვინ ხარ , წმიდაჲ ეგე ღმრთისაჲ ."
"42005026","ENG","Everyone was amazed and they glorified God . They were filled with fear . They said : » We have seen strange things today . «"
"42005026","KAT","განკჳრვებამან შეიპყრნა ყოველნი და ადიდებდეს ღმერთსა . და შიში დაეცა მათ ზედა და იტყოდეს , რამეთუ : ვიხილეთ უდიდებულესი დიდებაჲ დღეს ."
"42007022","ENG","He answered John’s disciples : » Go and tell John the things you have seen and heard . The blind receive their sight ! The lame walk and lepers are cleansed . The deaf hear ! The dead are raised up and the poor have good news preached to them ."
"42007022","KAT","და მიუგო და ჰრქუა მათ იესუ : მივედით და უთხართ იოვანეს , რაჲ-ესე იხილეთ და გესმა : ბრმანი აღიხილვენ , მკელობელნი ვლენან , კეთროვანნი განწმდებიან , ყრუთა ესმის , მკუდარნი აღდგებიან , და გლახაკთა ეხარების ."
"42008012","ENG","» Those by the side of the road are they who have heard . Then the devil comes and takes the word from their hearts that they may not believe and be saved ."
"42008012","KAT","ხოლო გზასა ზედა იგინი არიან , რომელთა ესმის , მერმე მოვიდის ეშმაკი და მოუღის სიტყუაჲ იგი გულისაგან მათისა , რაჲთა არა ჰრწმენეს და ცხოვნდენ ."
"42008027","ENG","When he arrived on the shore , a demon-possessed man met him . He wore no clothes and did not live in a house but in the tombs . He had been this way a long time ."
"42008027","KAT","და ვითარცა განვიდეს იგინი ქუეყანად , მო-ვინმე-ეგებვოდა კაცი ქალაქისასა , რომლისა თანა იყვნეს ეშმაკნი ; და მრავალ ჟამ სამოსელი არა შეემოსა და სახლსა შინა არა იყოფოდა , არამედ საფლავებსა ."
"42008030","ENG","Jesus asked him : » What is your name ? « He answered : » Legion « for many demons had entered into him ."
"42008030","KAT","ჰკითხა მას იესუ : რაჲ არს სახელი შენი ? ხოლო მან ჰრქუა : ლეგეონ , რამეთუ ეშმაკნი მრავალნი შესრულ იყვნეს მისა ."
"42008043","ENG","There was a woman having an issue of blood twelve years . She spent all her money on physicians , and could not be healed by any ."
"42008043","KAT","და იყო ვინმე დედაკაცი წყაროჲთა სისხლისაჲთა ათორმეტით წლითგან , რომელსა ყოველი მონაგები მისი წარეგო მკურნალთა ზედა , და ვერვის განეკურნა ."
"42008048","ENG","He said to her : » Daughter , your faith has made you whole ; go in peace . «"
"42008048","KAT","ხოლო იესუ ჰრქუა მას : ნუ გეშინინ , ასულო , სარწმუნოებამან შენმან გაცხოვნა შენ , ვიდოდე მშჳდობით !"
"42009008","ENG","Others said that Elijah had appeared and others and that one of the old prophets had risen again ."
"42009008","KAT","ხოლო რომელნიმე იტყოდეს : ელია გამოჩნდა ; და სხუანი იტყოდეს : წინაწარმეტყუელი ვინმე პირველთაგანი აღდგომილ არს ."
"42009019","ENG","They said : » John the Baptist . Others say Elijah and still others say one of the old prophets has risen again . «"
"42009019","KAT","ხოლო მათ მიუგეს და ჰრქუეს : იოვანე ნათლის-მცემელი ; და სხუათა - ელია ; და რომელნიმე იტყჳან : წინაწარმეტყუელი ვინმე პირველთაგანი აღდგომილ არს ."
"42009036","ENG","When the voice came Jesus was found alone . They kept quiet and told no man what they had seen ."
"42009036","KAT","და ესე რაჲ იყო ჴმაჲ , იპოვა იესუ მარტოჲ . და მათ დაიდუმეს და არაჲ ვის უთხრეს მათ დღეთა შინა , რომელ-იგი იხილეს ."
"42011020","ENG","» If I use the finger power Spirit of God to cast out demons , then the kingdom of God has come upon you ?"
"42011020","KAT","უკუეთუ მე თითითა ღმრთისაჲთა განვასხამ ეშმაკთა , მო-სამე-წევნულ არს თქუენ ზედა სასუფეველი ღმრთისაჲ ."
"42012003","ENG","» That which you have said in the darkness will be heard in the light . That which you have spoken in the inner chambers will be proclaimed on the housetops ."
"42012003","KAT","ამისათჳს რომელი ბნელსა შინა სთქუათ , ნათელსა შინა ისმეს , და რომელსა ყურსა ეტყოდით საუნჯეთა შინა , იქადაგოს ერდოთა ზედა ."
"42012039","ENG","» Know this , that if the master of the house had known in what hour the thief was coming he would have watched . He would not have allowed his house to be broken into ."
"42012039","KAT","ხოლო ესემცა უწყით : უკუეთუმცა იცოდა სახლისა უფალმან , რომელსა ჟამსა მპარავი მოვალს , იღჳძებდამცა და არა უტევა დათხრად სახლისა თჳსისა ."
"42012051","ENG","» Do you think I have come to give peace in the earth ? I tell you , No , instead division ."
"42012051","KAT","ეგრე ჰგონებთ , ვითარმედ მშჳდობისა მოვედ მიფენად ქუეყანასა ზედა ? არა , გეტყჳ თქუენ , არამედ განყოფად ."
"42013007","ENG","» So he told his gardener , I have been coming here looking for figs on this tree for three years . I have not found any . So cut it down ! Why should it continue using the soil ?"
"42013007","KAT","და ჰრქუა ვენაჴის მოქმედსა მას : ესერა სამი წელი არს , ვინაჲთგან მოვალ და ვეძიებ ნაყოფსა ლეღუსა ამას შინა და არა ვჰპოვებ . მოჰკუეთე ეგე , რაჲსათჳს ქუეყანაჲცა დაუპყრიეს უქმად ?"
"42013009","ENG","» If the tree bears figs next year it will be good . If it does not you can have it cut down . «"
"42013009","KAT","ყოს ხოლო თუ ნაყოფი ; უკუეთუ არა , მერმე მოჰკუეთე იგი ."
"42015024","ENG","» ‘ My son was dead . Now he is alive . He was lost . Now he has been found . The feasting began . ’"
"42015024","KAT","რამეთუ ძე ესე ჩემი მომკუდარ იყო და განცოცხლდა , წარწყმედულ იყო და იპოვა . და იწყეს განცხრომად ."
"42015032","ENG","» ‘ We had to celebrate and be happy . Your brother was dead . Now he is alive ! He was lost and now he has been found ! ’ «"
"42015032","KAT","ხოლო აწ მხიარულებაჲ და სიხარული ჯერ-არს , რამეთუ ძმაჲ ესე შენი მომკუდარ იყო და განცოცხლდა , წარწყმედულ იყო და იპოვა ."
"42018028","ENG","Peter said : » Indeed we have left our own to follow you . «"
"42018028","KAT","ჰრქუა მას პეტრე : აჰა ესერა ჩუენ დაუტევეთ ყოველი და შეგიდეგით შენ ."
"42019008","ENG","Zacchaeus stood before Jesus and said : » Lord , I now give half of all my possessions to the poor . If I have defrauded any one I will give back four times the amount taken . «"
"42019008","KAT","აღდგა ზაქე და ჰრქუა უფალსა : აჰა , უფალო , ზოგი ნაყოფთა ჩემთაჲ მივსცე გლახაკთა ; და უკუეთუ ვისმე ცილი დავსდევ , მივაგო ოთხი წილი ."
"42019009","ENG","Jesus said to him : » Salvation has come to this house today . He is also a son of Abraham ."
"42019009","KAT","ჰრქუა მას იესუ : დღეს იქმნა ცხორებაჲ სახლისაჲ ამის , რამეთუ ესეცა შვილი აბრაჰამისი არს ."
"42019037","ENG","He was near the descent of the Mount of Olives . The entire crowd of disciples rejoiced and praised God with a loud voice for all the mighty works they had seen ."
"42019037","KAT","და ვითარცა მიიწია იგი შთასავალსა მას მთისა ზეთისხილთაჲსა , იწყო ყოველმან სიმრავლემან მოწაფეთამან სიხარულით ქებად ღმრთისა ჴმითა დიდითა ყოველთა მათთჳს , რომელნი იხილნეს ძალნი ,"
"42019046","ENG","He said : » It is written my house shall be a house of prayer . You have made it a den of robbers . «"
"42019046","KAT","და ჰრქუა მათ : წერილ არს : სახლი ჩემი სახლ სალოცველ არს , ხოლო თქუენ ჰყავთ იგი ქუაბ ავაზაკთა ."
"42020039","ENG","Some of the scribes answered , » Teacher you have said well . «"
"42020039","KAT","მი-ვიეთმე-უგეს მწიგნობართა და ჰრქუეს : მოძღუარ კეთილად სთქუ ."
"42022028","ENG","» You have continued with me in my temptations ."
"42022028","KAT","და თქუენ ხართ , რომელნი დაადგერით ჩემ თანა განსაცდელთა შინა ჩემთა ."
"42023008","ENG","Herod was very happy to see Jesus . He had wanted to see him for a long time . He hoped to see him perform a miracle ."
"42023008","KAT","ხოლო ჰეროდე ვითარცა იხილა იესუ , განიხარა ფრიად , რამეთუ უნდა მისი ხილვაჲ მრავლით ჟამითგან ამისთჳს , რამეთუ ესმოდა მისთჳს და სწადოდა ხილვად რაჲსამე სასწაულისა ყოფასა მისგან ."
"42023022","ENG","A third time he said to them : » Why , what evil has this man done ? I have found no reason to put him to death . I will therefore chastise him and release him . «"
"42023022","KAT","ხოლო მან მესამედ ჰრქუა მათ : რაჲ ბოროტი უქმნიეს ამას ? არარაჲ ბრალი სიკუდილისაჲ ვპოე ამის თანა . ვსწავლო ეგე და განუტევო ."
"42024006","ENG","» He is not here . He has arisen ! Remember how he spoke to you when he was yet in Galilee ."
"42024006","KAT","არა არს აქა , არამედ აღდგა . მოიჴსენეთ , ვითარ-იგი გეტყოდა თქუენ , ვიდრე იყოღა იგი გალილეას ,"
"42024018","ENG","The one named Cleopas answered him : » Do you travel alone in Jerusalem and not know the things that have happened there these days ? «"
"42024018","KAT","მიუგო ერთმან მათგანმან , რომლისა სახელი კლეოპა , და ჰრქუა მას : შენ ხოლო მწირ ხარ იერუსალჱმს და არა სცანა , რაჲ-ესე იქმნა მას შინა ამათ დღეთა ?"
"42024025","ENG","He said to them : » You are foolish men . You are slow of heart to believe in all that the prophets have spoken !"
"42024025","KAT","ხოლო მან ჰრქუა მათ : ჵ უცნობელნო და მძიმენო გულითა სარწმუნოებისათჳს ყოველსა ზედა , რომელსა იტყოდეს წინაწარმეტყუელნი !"
"42024034","ENG","» The Lord has risen indeed , « they said , » and he appeared to Simon . «"
"42024034","KAT","იტყოდეს რაჲ , ვითარმედ : ნანდჳლვე აღდგა უფალი და ეჩუენა სიმონს ."
"43001034","ENG","» I have seen , and have borne witness that this is the Son of God . «"
"43001034","KAT","და მე ვიხილე და ვწამე , რამეთუ ესე არს ძე ღმრთისაჲ ."
"43003011","ENG","» This is the truth . We speak what we know and witness about what we have seen . But you do not receive our testimony ."
"43003011","KAT","ამენ , ამენ გეტყჳ შენ , რამეთუ : რომელი ვიცით , ვიტყჳთ , და რომელი ვიხილეთ , ვწამებთ , და წამებასა ჩუენსა არა შეიწყნარებთ ."
"43003019","ENG","» This is the judgment , that the light has come into the world . People loved the darkness rather than the light for their works were evil ."
"43003019","KAT","და ესე არს სასჯელი , რამეთუ ნათელი მოვიდა სოფლად , და შეიყუარეს კაცთა ბნელი , ვიდრე ნათელი , რამეთუ იყვნეს საქმენი მათნი ბოროტ ."
"43003032","ENG","» He testifies about what he has seen and heard , but no man accepts his testimony ."
"43003032","KAT","და რომელი იხილა და ესმა , ამას წამებს , და წამებასა მისსა არავინ მიიღებს ."
"43003034","ENG","» For he whom God has sent speaks the words of God . God does not give the spirit by measure ."
"43003034","KAT","და რომელი მოავლინა ღმერთმან , სიტყუათა ღმრთისათა იტყჳს , რამეთუ არა ზომით მოსცა ღმერთმან სული ."
"43004001","ENG","The Lord was aware that the Pharisees had heard that Jesus made and baptized more disciples than John ."
"43004001","KAT","ვითარცა გულისჴმა-ყო უფალმან , რამეთუ ესმა ფარისეველთა , ვითარმედ იესუს უმრავლესნი მოწაფენი უსხენ და ნათელ-სცემს , ვიდრე იოვანეს ,"
"43005006","ENG","Jesus saw him lying there . He knew that he had been sick for a long time . So he asked him : » Do you want to get well ? «"
"43005006","KAT","ესე იხილა იესუ მდებარე და გულისჴმა-ყო , რამეთუ მრავალი წელი აქუს უძლურებასა შინა . ჰრქუა მას იესუ : გნებავსა , რაჲთა განიკურნო ?"
"43005036","ENG","» The testimony I have is greater than that of John . The works I do are the works the Father gave me to accomplish . They testify that the Father has sent me ."
"43005036","KAT","ხოლო მე მაქუს წამებაჲ უფროჲს იოვანესსა , რამეთუ საქმენი , რომელნი მომცნა მე მამამან , რაჲთა აღვასრულნე იგინი , ესევე საქმენი წამებენ ჩემთჳს , რომელთა მე ვიქმ , რამეთუ მამამან მომავლინა მე ."
"43005038","ENG","» You do not have his word dwelling in you . This is because you do not believe in the person he has sent ."
"43005038","KAT","და სიტყუაჲ მისი არა არს თქუენ თანა დადგრომილ , რამეთუ რომელი-იგი მოავლინა ღმერთმან , ესე თქუენ არა გრწამს ."
"43005045","ENG","» Do not think that I will accuse you before the Father . Moses on whom you have set your hope is a plaintiff against you ."
"43005045","KAT","ნუ ჰგონებთ , ვითარმედ მე შეგასმინნე თქუენ მამასა ჩემსა ; არს შემასმენელი თქუენი მოსე , რომელსა თქუენ ესავთ ."
"43006017","ENG","They boarded a boat to travel over the sea to Capernaum . It was dark and Jesus had not yet come to them ."
"43006017","KAT","და შევიდეს ნავსა და მოვიდოდეს წიაღ ზღუასა მას კაპერნაუმდ . და ვითარ შე-ოდენ-რიჟუდებოდა , და არღა მოსრულ იყო მათა იესუ ,"
"43006027","ENG","» Do not work for food that perishes but for food that offers everlasting life . The Son of man will give you this food . The Father , even God , has set his seal upon him . «"
"43006027","KAT","იქმოდეთ ნუ საზრდელსა წარსაწყმედელსა , არამედ საზრდელსა , რომელი ჰგიეს ცხორებად საუკუნოდ , რომელი ძემან კაცისამან მოგცეს თქუენ , რამეთუ ამას მამამან დაჰბეჭდა , ღმერთმან ."
"43006029","ENG","Jesus answered : » This is the work of God , that you have an active faith in the one whom he has sent . «"
"43006029","KAT","მიუგო იესუ და ჰრქუა მათ : ესე არს საქმე ღმრთისაჲ , რაჲთა გრწმენეს , რომელი-იგი მან მოავლინა ."
"43006036","ENG","» I told you . You have seen me and yet do not believe ."
"43006036","KAT","არამედ გარქუ თქუენ , ვითარმედ : მიხილეთ მე და არა გრწამს ."
"43006039","ENG","» This is the will of him that sent me that I should not lose any of those he has given me , but I should raise them up at the last day ."
"43006039","KAT","ხოლო ესე არს ნებაჲ მომავლინებელისა ჩემისა მამისაჲ , რაჲთა ყოველი რომელი მომცა მე , არა წარვწყმიდო მისგან , არამედ აღვადგინო იგი უკუანაჲსკნელსა მას დღესა ."
"43006045","ENG","» It is written in the prophets : Jehovah shall teach them all . Every one who hears the Father and has learned comes to me ."
"43006045","KAT","წერილ არს წინაწარმეტყუელთა შინა , ვითარმედ : იყვნენ ყოველნი ღმრთივ სწავლულ . ყოველსა რომელსა ესმეს მამისა ჩემისაგან და ისწავოს , მოვიდეს ჩემდა ."
"43006046","ENG","» No one has seen the Father . Only he who is from God , He has seen the Father ."
"43006046","KAT","არა თუ მამაჲ ვის უხილავს , არამედ რომელი-იგი არს ღმრთისაგან , ამან იხილა მამაჲ ."
"43007008","ENG","» You go to this feast . I will not go to this feast for my time has not yet come . «"
"43007008","KAT","თქუენ აღვედით დღესასწაულსა ამას , ხოლო მე არა აღვალ დღესასწაულსა ამას , რამეთუ ჟამი ჩემი არღა აღსრულებულ არს ."
"43007051","ENG","» Does our law convict a man without first hearing from him to find out what he has done ? «"
"43007051","KAT","ნუუკუე სჯული ჩუენი დასჯის კაცსა , უკუეთუ არა პირველად ისმინოს მისგან და ცნას , რასა იქმს ?"
"43008038","ENG","» I speak the things that I have seen and heard when I was with my Father . You also do the things that you heard from your father . «"
"43008038","KAT","მე რომელი ვიხილე მამისა ჩემისა თანა , მას ვიტყჳ ; და თქუენ რომელი იხილეთ მამისა თქუენისა თანა , მას ჰყოფთ ."
"43008042","ENG","Jesus said : » If God were your Father you would love me . I came from God ! I have not come from myself . He sent me !"
"43008042","KAT","ჰრქუა მათ იესუ : უკუეთუმცა ღმერთი მამაჲ თქუენი იყო , გიყუარდიმცა მე , რამეთუ ღმრთისაგან გამოვედ და მოსრულ ვარ , რამეთუ არა თავით თჳსით მოსრულ ვარ , არამედ მან მომავლინა მე ."
"43009018","ENG","The Jews did not believe that he had been blind and then received his sight . So they called his parents ."
"43009018","KAT","არა ჰრწმენა ჰურიათა მისთჳს , ვითარმედ ბრმაჲ იყო და აღიხილნა თუალნი , ვიდრემდე მოუწოდეს მამა-დედათა მისთა , რომელმან-იგი აღიხილნა ,"
"43009022","ENG","The parents said these things because they feared the Jews . The Jews had agreed that if any man should confess him to be Christ , he should be put out of the synagogue ."
"43009022","KAT","ამისთჳს ესე თქუეს მშობელთა მისთა , რამეთუ ეშინოდა ჰურიათაგან , რამეთუ შეთქუმულ იყვნეს ჰურიანი , რაჲთა აღ-თუ ვინმე-იაროს იგი ქრისტედ , კრებულისაგან განჴადონ იგი ."
"43011017","ENG","When Jesus arrived he found Lazarus had been in the grave four days ."
"43011017","KAT","და ვითარცა მოვიდა იესუ ბეთანიად , პოვა იგი , რამეთუ ოთხი დღე აქუნდა საფლავსა შინა ."
"43011021","ENG","Martha said to Jesus : » Lord if you had been here my brother would not have died ."
"43011021","KAT","ჰრქუა მართა იესუს : უფალო , უკუეთუმცა აქა იყავ , არამცა მომკუდარ იყო ძმაჲ იგი ჩემი ."
"43011032","ENG","When Mary saw Jesus she fell down at his feet . She said : » Lord ; if you had been here my brother would not have died . «"
"43011032","KAT","ხოლო მარიამ ვითარცა მოვიდა , სადა-იგი იყო იესუ , ვითარცა იხილა იგი , დავარდა ფერჴთა მისთა თანა და ჰრქუა მას : უფალო , უკუეთუმცა აქა ყოფილ იყავ , არამცა მომკუდარ იყო ძმაჲ იგი ჩემი ."
"43011034","ENG","He asked : » Where have you laid him ? « They answered : » Come and see Lord . «"
"43011034","KAT","და ჰრქუა მათ : სადა დასდევით იგი ? ჰრქუეს მას : მოვედ და იხილე ."
"43011039","ENG","Jesus said : » Take away the stone . « Martha , the sister of the dead man said : » Lord by now the body has decayed for he has been dead four days . «"
"43011039","KAT","ჰრქუა მათ იესუ : აღიღეთ ლოდი ეგე . ჰრქუა მას მართა , დამან მის მკუდრისამან : უფალო , ყროდისღა , რამეთუ მეოთხე დღე არს ."
"43011057","ENG","Now the chief priests and the Pharisees had given orders that , if any man knew where he was , he should report it that they might seize him ."
"43011057","KAT","რამეთუ მიეცა მცნებაჲ მღდელთ-მოძღუართა მათ და ფარისეველთა , რაჲთა , უკუეთუ ვინმე უწყოდის , სადა არს , აუწყოს მათ , რაჲთა შეიპყრან იგი ."
"43012018","ENG","For this reason also the crowd met him , for they heard that he had performed this miracle ."
"43012018","KAT","ამისთჳსცა მიეგებვოდა მას ერი იგი , რამეთუ ესმინა , ვითარმედ ესე სასწაული ქმნა იესუ ."
"43012019","ENG","The Pharisees spoke among themselves : » You see that you are not accomplishing anything . Look the world has gone after him . «"
"43012019","KAT","ხოლო ფარისეველთა მათ თქუეს ურთიერთას : ხედავთა , რამეთუ არა ირგებთ არარას ? აჰა ესერა სოფელი ყოველი მივიდა შედგომად მისა ."
"43012023","ENG","Jesus answered : » The time has come for the Son of man to be glorified ."
"43012023","KAT","ხოლო იესუ მიუგო და ჰრქუა მათ : მოიწია ჟამი , რაჲთა იდიდოს ძე კაცისაჲ ."
"43012034","ENG","The crowd answered him : » We have heard from the law that the Christ lives forever . Why do you say the Son of man must be lifted up ? Who is this Son of man ? «"
"43012034","KAT","მიუგო მას ერმან მან და რქუა : ჩუენ გუასმიეს სჯულისაგან , ვითარმედ ქრისტე უკუნისამდე ეგოს . და შენ ვითარ იტყჳ , ვითარმედ ჯერ-არს ამაღლებაჲ ძისა კაცისაჲ ? ვინ არს ესე ძე კაცისაჲ ?"
"43012046","ENG","» I have come as a light to the world . Everyone who believes in me will not remain in darkness ."
"43012046","KAT","მე ნათელი სოფლად მოვივლინე , რაჲთა ყოველსა რომელსა ჰრწმენეს ჩემი , ბნელსა შინა არა დაადგრეს ."
"43012049","ENG","» I spoke not from myself but from the Father who sent me . He has given me a commandment concerning what I should say when I speak ."
"43012049","KAT","რამეთუ მე თავით თჳსით არარას ვიტყოდე , არამედ რომელმან მომავლინა მე , მამამან , მან მომცა მე მცნებაჲ , რაჲ ვთქუა და რასა ვიტყოდი ."
"43013001","ENG","Jesus knew before the feast of the Passover that the time had come for him to leave this world and return to his Father . He loved his own who were in the world to the very end ."
"43013001","KAT","და უწინარეს დღესასწაულისა მის პასექისა იცოდა იესუ , რამეთუ მოიწია ჟამი მისი , რაჲთა განვიდეს ამიერ სოფლით და მივიდეს მამისა , რამეთუ შეიყუარნა თჳსნი იგი ამას სოფელსა შინა და სრულიად შეიყუარნა იგინი ."
"43013015","ENG","» I have given you an example . You should also do as I have done to you ."
"43013015","KAT","რამეთუ სახე მიგეც თქუენ , რაჲთა , ვითარცა-ესე მე გიყავ თქუენ , ეგრეთვე თქუენცა ჰყოფდეთ ."
"43013018","ENG","» I do not speak about all of you . I know whom I have chosen ! This way the scripture may be fulfilled : ‘ He that eats my bread lifted up his heel against me . ’ «"
"43013018","KAT","არა თქუენ ყოველთათჳს ვიტყჳ , რამეთუ მე გიცნი , რომელნი გამოგირჩიენ , არამედ რაჲთა წერილნი იგი აღესრულნენ : რომელი ჭამდა ჩემ თანა პურსა , აღიღო ჩემ ზედა ბრჭალი მისი ."
"43013038","ENG","Jesus answered : » Will you lay down your life for me ? Truly I tell you the cock will not crow till you have denied me three times . «"
"43013038","KAT","მიუგო იესუ და ჰრქუა მას : სული შენი ჩემთჳს დასდვაა ? ამენ , ამენ გეტყჳ შენ : არღარა ეყივლოს ქათამსა , ვიდრემდის უვარ-მყო მე სამ-გზის ."
"43014007","ENG","» If you had known me , you would have perceived my Father also . From now on you understand him and have experienced him . «"
"43014007","KAT","უკუეთუმცა მიცოდეთ მე , მამაჲცამცა ჩემი იცოდეთ . ამიერითგან იცით იგი და გიხილავს იგი ."
"43014009","ENG","Jesus responded : » Have I been with you so long a time and you do not know me Philip ? He who has seen me has discerned experienced perceived the Father . And you say , show us the Father ?"
"43014009","KAT","ჰრქუა მას იესუ : ესოდენ ჟამ თქუენ თანა ვარ , და არა მიცი მე , ფილიპე ? რომელმან მიხილა მე , იხილა მამაჲ ჩემი , და შენ ვითარ მეტყჳ მე : მიჩუენე ჩუენ მამაჲ შენი ?"
"43015003","ENG","» You are clean because of the word that I have spoken to you ."
"43015003","KAT","ხოლო თქუენ აწვე წმიდა ხართ სიტყჳთა მით , რომელსა გეტყოდე თქუენ ."
"43015015","ENG","» I no longer call you servants for the servant does not know what the lord does . I have called you friends ; for all things that I heard from my Father , I have made known to you ."
"43015015","KAT","არღარა გეტყჳ თქუენ მონად , რამეთუ მონამან არა იცინ , რასა იქმნ უფალი მისი . ხოლო თქუენ გარქუ მეგობრად , რამეთუ ყოველი , რაოდენი მესმა მამისა ჩემისაგან , გაუწყე თქუენ ."
"43015022","ENG","» If I had not come and spoken to them , they would not have sin . Now they have no excuse for their sin !"
"43015022","KAT","უკუეთუმცა არა მოვედ და ვეტყოდე მათ , ცოდვაჲმცა არა აქუნდა ; ხოლო აწ მიზეზი არა აქუს ცოდვათა მათთათჳს ."
"43015024","ENG","» If I had not done among them the works that no one else did , they would have no sin . They have seen and hated both my Father and me ."
"43015024","KAT","უკეთუმცა არა ვქმნენ საქმენი იგი მათ შორის , რომელნი სხუამან არავინ ქმნნა , ცოდვაჲმცა არა აქუნდა . ხოლო აწ მიხილეს და მომიძულეს მეცა და მამაჲცა ჩემი ."
"43015027","ENG","» You also bear witness because you have been with me from the beginning . «"
"43015027","KAT","და თქუენცა მოწამე ხართ , რამეთუ დასაბამითგან ჩემ თანა ხართ ."
"43016001","ENG","» I have spoken these things to you that you should not be made to stumble ."
"43016001","KAT","ამას გეტყოდე თქუენ , რაჲთა არა დაჰბრკოლდეთ ."
"43016006","ENG","» Now that I have spoken these things to you , sorrow fills your heart ."
"43016006","KAT","არამედ ამას რაჲ გეტყოდე თქუენ , მწუხარებამან აღავსნა გულნი თქუენნი ."
"43016015","ENG","» All the things the Father has are mine . That is why I said the Spirit takes what I have and declares it to you ."
"43016015","KAT","ყოველი , რაოდენი აქუს მამასა , ჩემი არს ; და ამისთჳს გარქუ თქუენ , რამეთუ : ჩემგან მიიღოს და გითხრას თქუენ ."
"43016021","ENG","» A woman in tribulation has sorrow , because her hour to give birth has come . When she delivers the child , she remembers no more anguish , because of the joy that a man is born into the world ."
"43016021","KAT","დედაკაცი რაჟამს შობნ , მწუხარე არნ , რამეთუ მოიწია ჟამი მისი . ხოლო რაჟამს შვის ყრმაჲ , არღარა მოეჴსენის ჭირი იგი სიხარულითა მით , რამეთუ იშვა კაცი სოფელსა შინა ."
"43016025","ENG","» I have spoken to you in figurative language illustrations and proverbs . The hour comes when I will no longer speak to you in figurative language . I will tell you plainly from the Father ."
"43016025","KAT","ამას იგავით გეტყოდე თქუენ . ხოლო მოვალს ჟამი , ოდეს არღარა იგავით გეტყოდი თქუენ , არამედ განცხადებულად მამისა ჩემისათჳს გითხრა თქუენ ."
"43017001","ENG","Jesus spoke these things and lifted up his eyes to heaven . He said : » Father , the hour has come . Glorify your Son , that the son may glorify you ."
"43017001","KAT","ამას იტყოდა იესუ და აღიხილნა თუალნი თჳსნი ზეცად და თქუა : მამაო , მოიწია ჟამი ჩემი , ადიდე ძე შენი , რაჲთა ძემანცა შენმან გადიდოს შენ ."
"43017002","ENG","» You have given him authority over all flesh that he may give everlasting life to the ones whom you have given him ."
"43017002","KAT","ვითარცა-ესე მოეც მას ჴელმწიფებაჲ ყოველთა ჴორციელთაჲ , რაჲთა ყოველი რომელი მოეც მას , მისცეს მათ ცხორებაჲ საუკუნოჲ ."
"43017006","ENG","» I taught your name to the men whom you gave me out of the world . They were yours and you gave them to me . They have lived by your word ."
"43017006","KAT","გამოუცხადე სახელი შენი კაცთა , რომელნი მომცენ მე სოფლისა ამისგან ; შენნი იყვნეს და მე მომცენ იგინი , და სიტყუჲ შენი დაუმარხავს ."
"43017022","ENG","» I have given them the glory that you gave me in order that they may be one even as we are one ."
"43017022","KAT","და მე დიდებაჲ , რომელი მომეც მე , მივეც მათ , რაჲთა იყვნენ ერთ , ვითარცა ჩუენ ერთ ვართ ."
"43019022","ENG","Pilate answered : » What I have written , I have written . «"
"43019022","KAT","ჰრქუა მათ პილატე : რომელი დავწერე , დავწერე ."
"43020015","ENG","Jesus said to her : » Woman , why do you weep ? Who are you looking for ? « She thought he was the gardener . She said : » Sir , if you have carried him somewhere else tell me where you laid him and I will take him away . «"
"43020015","KAT","ჰრქუა მას იესუ : დედაკაცო , რაჲსა სტირ ? ვის ეძიებ ? მას ეგონა , ვითარმედ მემტილე იგი არს , და ჰრქუა მას : უფალო , უკუეთუ შენ აღიღე იგი , მითხარ მე , სადა დასდევ , და მე წარმოვიღო იგი ."
"43020018","ENG","Mary Magdalene went to tell the disciples : » I have seen the Lord ! He said these things to me . «"
"43020018","KAT","მოვიდა მარიამ მაგდალენელი თხრობად მოწაფეთა მისთა , რამეთუ იხილა უფალი და ესრეთ ჰრქუა მას ."
"44001007","ENG","He replied : » It is not for you to know times or seasons that the Father has set within His own authority ."
"44001007","KAT","ხოლო მან ჰრქუა მათ : არა თქუენი არს ცნობაჲ ჟამთა და წელთაჲ , რომელნი-იგი მამამან დასხნა თჳსითა ჴელმწიფებითა ,"
"44002025","ENG","» David spoke concerning him : ‘ I had Jehovah always before my face , for he is at my right hand , that I should not be shaken ."
"44002025","KAT","რამეთუ დავით იტყჳს მისთჳს : წინაჲსწარ ვხედევდ უფალსა , წინაშე ჩემსა არს მარადის , რამეთუ მარჯულ ჩემსა არს , რაჲთა არა შევიძრა ,"
"44002028","ENG","‘ » You have made known to me the ways of life , and you will fill me with joy with your presence . ’"
"44002028","KAT","მაუწყენ მე , უფალო , გზანი ცხორებისანი და აღმავსო მე სიხარულითა პირისა შენისაჲთა ."
"44002030","ENG","» Therefore being a prophet , and knowing that God had sworn with an oath to him , that of the fruit of his loins , according to the flesh , he would raise up Christ to sit on his throne ."
"44002030","KAT","წინასწარმეტყუელი უკუე იყო და იცოდა , რამეთუ ფიცით ეფუცა მას ღმერთი ნაყოფისაგან მუცლისა მისისა ჴორციელად აღდგინებად ქრისტე და დაჯდომად საყდართა მისთა ."
"44004013","ENG","They observed the confidence of Peter and John . Yet they thought they were uneducated not formally educated and ordinary men . They were amazed and recognized them as having been with Jesus ."
"44004013","KAT","ხოლო იგინი ხედვიდეს რაჲ პეტრესსა მას განცხადებულებასა და იოვანესსა , და უწყოდეს , რამეთუ კაცნი უწიგნონი არიან და უმეცარნი , დაუკჳრდა , იცოდნეს იგინი , რამეთუ იესუჲს თანა იყვნეს ."
"44004016","ENG","They said : » What shall we do to these men ? The fact that a notable miracle has been done by them is evident to all who live in Jerusalem . And we cannot deny it ."
"44004016","KAT","და თქუეს : რაჲ-მე უყოთ კაცთა ამათ , რამეთუ სასწაული განცხადებული იქმნა მათ მიერ , ყოველთა შორის მკჳდრთა იერუსალჱმისათა ჩანს და ვერ ჴელ-გუეწიფების უარისყოფად ?"
"44004020","ENG","» We cannot stop speaking the things we have seen and heard . «"
"44004020","KAT","რამეთუ ჩუენ ვერ ჴელ-გუეწიფების , რომელი-იგი გუესმა და ვიხილეთ , ვითარმცა არა ვიტყოდეთ ."
"44006011","ENG","They secretly induced me to say : » We have heard him speak blasphemous words against Moses , and against God . «"
"44006011","KAT","მაშინ აბირნეს ვინმე კაცნი , რომელნი იტყოდეს , ვითარმედ : გუესმნეს მაგისგან სიტყუანი გმობისანი , რომელთა იტყოდა მოსესთჳს და ღმრთისა ."
"44007034","ENG","» I have seen the affliction of my people in Egypt . I have heard their groaning and have come to deliver them . Come , I will send you into Egypt ."
"44007034","KAT","ხილვით ვიხილე ჭირი ერისა ჩემისაჲ რომელ არს ეგჳპტეს და სულ-თქუმანი მათნი შეისმინეს და გარდამოვჴედ განრინებად მათა , და აწ მოვედ მიგავლინო შენ ეგჳპტედ ."
"44007044","ENG","» Our fathers had the tabernacle of witness in the wilderness , as he had appointed , speaking to Moses , that he should make it according to the fashion that he had seen ."
"44007044","KAT","კარავი იგი საწამებელი იყო მამათა ჩუენთა თანა უდაბნოსა ზედა , ვითარცა-იგი უბრძანა , რომელი-იგი ეტყოდა მოსეს საქმედ მისა მსგავსად ხატისა მის , რომელი-იგი ეტყოდა მოსეს საქმედ მისა მსგავსად ხატისა მის , რომელი-იგი ეხილვა ,"
"44008024","ENG","Simon answered : » Pray to God for me , that none of these things that you have spoken will happen to me . «"
"44008024","KAT","მიუგო სიმონ და ჰრქუა : ილოცეთ თქუენ ჩემთჳს უფლისა მიმართ , რაჲთა არა მოვიდეს ჩემ ზედა , რომელი-იგი თქუენ სთქუთ ."
"44008027","ENG","He went and an Ethiopian eunuch government official , a man of great authority under Candace queen of the Ethiopians , who had the charge of all her treasure , and had come to Jerusalem to worship ."
"44008027","KAT","და აღდგა და წარვიდა . და აჰა ესერა კაცი ჰინდოჲ საჭურისი ძლიერი კანდაკესი დედოფლისა მის ჰინდოეთისაჲ , რომელი იყო ყოველსა ზედა საფასესა მისსა , რომელი-იგი მოსრულ იყო თაყუანის-ცემად იერუსალჱმდ ,"
"44009012","ENG","» He has seen a man named Ananias in a vision . He came in and laid his hand on him that he might receive his sight . «"
"44009012","KAT","და იხილა მან ჩუენებით კაცი სახელით ანანია , რომელი შევიდა და დაასხნა ჴელნი მას ზედა , რაჲთა აღიხილნეს ."
"44009013","ENG","Ananias answered : » Lord , I have heard from many about this man , how much evil he has done to your holy ones at Jerusalem ."
"44009013","KAT","მიუგო ანანია და ჰრქუა : უფალო , მასმიეს მრავალთაგან მის კაცისათჳს , რაოდენი ძჳრი შეაჩუენა წმიდათა შენთა იერუსალჱმს შინა ,"
"44009027","ENG","Barnabas led him to the apostles . He declared to them how he had seen the Lord in The Way , and that he had spoken to him , and how he had preached boldly at Damascus in the name of Jesus ."
"44009027","KAT","ხოლო ბარნაბა წარმოიყვანა იგი და მოჰგუარა მოციქულთა და უთხრა მათ , ვითარ-იგი გზასა ზედა იხილა უფალი და რამეთუ ეტყოდა მას და ვითარ-იგი დამასკეს შინა განეცხადა სახელითა იესუჲსითა ."
"44009038","ENG","Since Lydda was near Joppa , and the disciples had heard that Peter was there , they sent two men to him requesting that he come to them quickly ."
"44009038","KAT","რამეთუ ახს ლუდიაჲ იოპესა , ესმა მოწაფეთა , ვითარმედ პეტრე მუნ არს , და მიავლინნეს მისა ორნი კაცნი და ჰლოცვიდეს , ვითარმედ : ნუ გცონის მოსლვად ვიდრე ჩუენდამდე ."
"44010020","ENG","» Stand up and go down to greet them . Do not doubt for I have sent them ."
"44010020","KAT","არამედ აღდეგ და გარდაგუალე და მივედ მათ თანა და ნურარას ორგულებ , რამეთუ მე მომივლინებიან იგინი ."
"44010022","ENG","They said : » We come from Cornelius the centurion , a righteous man who respects God . He has a good reputation among all the nation of the Jews . A holy angel told him to have you come to his house so he could hear what you have to say . «"
"44010022","KAT","ხოლო მათ ჰრქუეს : კორნილიოს ასისთავმან , კაცმან მართალმან და მოშიშმან ღმრთისამან , რომელი წამებულ არს ყოვლისაგან ნათესავისა ჰურიათაჲსა , ბრძანებაჲ მოიღო ანგელოზისაგან წმიდისა მიყვანებად შენდა სახლსა თჳსსა და სმენად შენგან სიტყუათა ."
"44010033","ENG","» Immediately I sent for you . You have done well for you have come . We are all present before God , to hear all things that are commanded to you from God . «"
"44010033","KAT","და მუნთქუესვე წარმოვავლინენ შენდა და შენ კეთილად ჰყავ , რამეთუ მოხუედ . აწ ესერა ჩუენ ყოველნი მოსრულ ვართ წინაშე ღმრთისა სმენად ყოვლისა ბრძანებულისა შენდა უფლისა მიერ ."
"44011013","ENG","» He showed us how he had seen an angel in his house that stood and said to him , ‘ Send men to Joppa , and call for Simon , whose surname is Peter . ’"
"44011013","KAT","და მითხრა ჩუენ , ვითარ-იგი იხილა ანგელოზი ღმრთისაჲ სახლსა შინა თჳსსა მდგომარე , რომელმან ჰრქუა მას : მიავლინე იოპედ და მოიყვანე შენ სიმონ , რომელსა ჰრქჳან პეტრე ,"
"44013033","ENG","» God has fulfilled this promise to their children by resurrecting Jesus . Just as it is written in the second psalm : You are my Son , today I have become your father ."
"44013033","KAT","ვითარცა ფსალმუნსა მეორესა წერილ არს , ვითარმედ : ძე ჩემი ხარ შენ და მე დღეს მიშობიე შენ ."
"44014011","ENG","Seeing what Paul did , the crowd lifted up their voice , saying in Lycaonian : » The gods have come down to us , becoming like men . «"
"44014011","KAT","ხოლო ერმან მან იხილა რაჲ , რომელი-იგი ქმნა პავლე , აღიმაღლეს ჴმაჲ მათი ჴმითა მით ლუკაონებრითა და იტყოდეს : ღმერთნი მსგავსებულ არიან კაცთა და გარდამოსრულ არიან ჩუენდა ."
"44014026","ENG","They sailed to Antioch , where they had been recommended to the grace of God for the work they completed ."
"44014026","KAT","და მიერ ნავითა მივიდეს ანტიოქიად , ვინაჲცა იგი შევედრებულ იყვნეს მადლითა ღმრთისაჲთა საქმესა მას , რომელიცა აღასრულეს ."
"44014027","ENG","The congregation gathered and reported all God had done with them how he had opened the door of faith to the nations ."
"44014027","KAT","და მო-რაჲ-ვიდეს , შეკრბეს კრებული იგი და უთხრეს მათ რაოდენი ყო ღმერთმან მათ თანა , და რამეთუ განუღო წარმართთა კარი სარწმუნოებისაჲ ."
"44015024","ENG","» Since we have heard , that certain ones who went out from us have troubled you with speeches , subverting you , saying : You must be circumcised , and keep the law . We gave no such commandment !"
"44015024","KAT","ვინაჲთგან გუესმა ჩუენ , რამეთუ ჩუენგანნი ვინმე განვიდეს და აღგძრნეს თქუენ სიტყჳთა და აღაშფოთებდეს სულთა თქუენთა და გეტყოდეს წინა-დაცუეთად და დამარხვად სჯულსა , რომელთადა ჩუენ არაჲ გუემცნო ."
"44015027","ENG","» We have sent therefore Judas and Silas , who shall also tell you the same things in person ."
"44015027","KAT","წარმო-უკუე-გჳვლინებიან იუდა და შილა , და მათცა სიტყჳთ გითხრან ესევე ."
"44015030","ENG","So when they were dismissed , they came to Antioch and when they had gathered the crowd together , they delivered the letter ."
"44015030","KAT","იგინი ვითარცა წარმოემართნეს , მოვიდეს ანტიოქიად . და შეკრიბეს კრებული იგი და მისცეს წიგნი ჴელთა მათთა ."
"44016034","ENG","He took them to his house and fed them . They rejoiced along with his entire house , having believed in God ."
"44016034","KAT","მეყსეულად აღიყვანნა იგინი სახედ თჳსა და დაუგო მათ ტაბლაჲ . და უხაროდა მას ყოვლითურთ სახლეულით , რომელთა ჰრწმენა ღმერთი ."
"44016036","ENG","The jailor reported the words to Paul , saying : » The magistrates have sent to let you go . Therefore go in peace . «"
"44016036","KAT","მიუთხრნა სიტყუანი ესე მესაპყრობილეთ მოძღუარმან მან პავლეს და ჰრქუა , ვითარმედ : ერისთავთა მათ უბრძანებიეს განტევებაჲ თქუენი . აწ უკუე განვედით და წარვედით მშჳდობით !"
"44016037","ENG","Paul said to them : » They have beaten us publicly uncondemned , men who are Romans , and have thrown us into prison . Do they now throw us out privately ? No I say , but let them come in person to bring us out . «"
"44016037","KAT","ხოლო პავლე ჰრქუა მათ : გუგუემნეს ჩეუნ ურაკ-პარაკთა ზედა კაცნი უბიწონი ჰრომნი და შემსხნეს საპყრობილესა ცუდად , და აწ ფარულად განგჳყვანებენ ჩუენ . არა ეგრე , არამედ თჳთ მოვიდენ და მათ განმიყვანნენ ჩუენ ."
"44017006","ENG","When they did not find them they dragged Jason and other brothers before the rulers of the city . They said : » These men who have turned the world upside down have come here also . «"
"44017006","KAT","და ვითარცა არა პოვნეს იგინი , მიითრევდეს იასონს და სხუათა ვიეთმე ძმათა მთავართა წინაშე ქალაქისათა და ღაღადებდეს , ვითარმედ : რომელთა ყოველი სოფელი აღუშფოთებიეს , იგინი აქაცა მოსრულ არიან ,"
"44017028","ENG","» In him we live , and move , and have our existence . Your own poets have said : For we are also his offspring ."
"44017028","KAT","და უკუეთუმცა ვინ ეძიებდა , პოამცა იგი , და რამეთუ მის მიერ ცხოველ ვართ და ვიქცევით და ვართ , ვითარცა-იგი ვინმე თქუენგანნი სიტყჳს მოქმედნი იტყჳან : რომლისა-იგი ნათესავცა ვართო ."
"44018025","ENG","This man had been instructed in God’s way . Being fervent in spirit he spoke and taught accurately the things concerning Jesus , knowing only the baptism of John ."
"44018025","KAT","ესე იყო სწავლულ გზათა უფლისათა და მდუღარე სულითა , ეტყოდა და ასწავებდა ჭეშმარიტად იესუჲსთჳს , და იცოდა ნათლის-ცემაჲ ხოლო იოვანესი ."
"44019018","ENG","Many of the believers confessed openly about the evil things they had done ."
"44019018","KAT","და მრავალნი მორწმუნეთაგანნი მოვიდოდეს და აღუარებდეს საქმეთა მათთა ."
"44019021","ENG","After this ended Paul was directed in the spirit to go to Jerusalem after he passed through Macedonia and Achaia . He said : » After I have been there , I must also see Rome . «"
"44019021","KAT","ვითარცა აღესრულა ესე , დაიდვა პავლე გულსა თჳსსა , მო-რაჲ-ევლო მაკედონიაჲ და აქაიაჲ , მისლვად იერუსალჱმდ და თქუა , ვითარმედ : შემდგომად მისლვისა ჩემისა მუნ ჯერ-არს ჩემდა ჰრომეცა ხილვად ."
"44020036","ENG","When he had spoken he kneeled down and prayed with them all ."
"44020036","KAT","და ესე რაჲ თქუა , დაიდგინა მუჴლნი მათ ყოველთა თანდა და ილოცა ."
"44021019","ENG","After Paul greeted them he reported in detail what God had done among the nations through his ministry ."
"44021019","KAT","და მოიკითხვიდეს მას . და მიუთხრობდა კაცად-კაცადსა , რომელი-იგი ქმნა ღმერთმან წარმართთა შორის მსახურებითა მისითა ."
"44021020","ENG","Those who heard it glorified God . They said to him : » You see brother , how many thousands there are among the Jews who have believed . They are all zealous for the law ."
"44021020","KAT","ხოლო მათ ვითარცა ესმა ესე , ადიდებდეს ღმერთსა და ჰრქუეს მას : ჰხედავა ძმაო , რაოდენნი ბევრნი არიან ჰურიათა შორის მორწმუნენი ! და ყოველნივე მოშურნე სჯულისა არიან ."
"44021024","ENG","Take these men and join in on their purification rites . Let them shave their heads . All will know there is no truth in the things they have heard about you , that you walk orderly and keep the law ."
"44021024","KAT","ესენი წარიყვანენ და განწმდი მათ თანა და იკუეცე მათ თანა , რაჲთა დაიყჳნნენ თავნი მათნი და ცნან ყოველთა , ვითარმედ რომლისათჳს იგი ესმა შენთჳს , არარაჲ არს , არამედ ჰგიე შენცა და იმარხავ სჯულსა ."
"44021025","ENG","Concerning those of the nations who have believed , we write : they should keep themselves from things sacrificed to idols , and from blood , and from what is strangled , and from fornication ."
"44021025","KAT","ხოლო მორწმუნეთა წარმართთათჳს ჩუენ მივწერეთ და უბრძანეთ , რაჲთა არარას ეგევითარსა იმარხვიდენ იგინი , არამედ რაჲთა ეკრძალენ კერპთა კლულისაგან და სისხლისა დამშთვრისა და სიძვისა ."
"44021029","ENG","They had previously been with him in the city Trophimus the Ephesian , whom they supposed that Paul had brought into the Temple ."
"44021029","KAT","რამეთუ ეხილვა წინაჲსწარ ტროფიმე ეფესელი მის თანა ქალაქსა შინა , რომლისასა ჰგონებდეს , ვითარმედ ტაძრად შეიყვანა პავლე ."
"44021033","ENG","Then the military commander came near and laid hold on him . He commanded that he be bound with two chains . He asked who he was and what he had done ."
"44021033","KAT","მაშინ მიეახლა ათასისთავი იგი და გამოიყვანნა იგი , და ბრძანა შეკრვაჲ მისი მრჩობლითა ჯაჭვითა და ჰკითხვიდა : ვინ არს ანუ რაჲ უქმნიეს ?"
"44022014","ENG","» He said : ‘ The God of our ancestors has chosen you to know his will . You are to see his righteous servant , and to hear him speak with his own voice ."
"44022014","KAT","ხოლო მან მრქუა მე : ღმერთმან მამათა ჩუენთამან გამოგირჩია შენ ცნობად ნებისა მისისა და ხილვად მართლისა მის და სმენად ჴმაჲ პირისა მისისაჲ ,"
"44022015","ENG","‘ You will be a witness for him to tell everyone what you have seen and heard ."
"44022015","KAT","რამეთუ იყო მოწამე მისა ყოველთა მიმართ კაცთა , რომელი-იგი იხილე და გესმა ."
"44022029","ENG","At once the men who were going to question Paul drew back from him . The commander was frightened when he found out that Paul was a Roman citizen and that he had put him in chains ."
"44022029","KAT","მაშინ მეყსეულად განეშორნეს მისგან , რომელთა-იგი ეგულებოდა ტანჯვაჲ მისი , და ათასისთავსა მასცა შეეშინა , ცნა რაჲ , რამეთუ ჰრომი არს და რამეთუ მისა იყო შევედრებულ ."
"44023001","ENG","Paul looked straight at the Council and said : » Fellow Israelites ! My conscience is perfectly clear about the way in which I have lived before God to this very day . «"
"44023001","KAT","მიჰხედა პავლე შესაკრებელსა მას და თქუა : კაცნო ძმანო , მე ყოვლითა გონებითა კეთილითა ვმოქალაქობდ ღმრთისა მიმართ ვიდრე აქა დღედმდე ."
"44023014","ENG","They went to the chief priests and elders and said : » We have united with a great oath that we will eat nothing until we have killed Paul ."
"44023014","KAT","რომელნი მოუჴდეს მღდელთ მოძღუართა და ხუცესთა და ჰრქუეს : შეჩუენებით შეჩუენებულ ვყვნეთ თავნი თჳსნი არარაჲსა გემოჲს ხილვად , ვიდრემდე მოვკლათ პავლე ."
"44024003","ENG","» We have seen peace under your rule . Excellent accomplishments have come to this nation due to your forethought . We acknowledge this with profound gratitude , most excellent Felix ."
"44024003","KAT","მრავალსა მშჳდობასა შინა ვართ შენ ძლით და განგებულებასა , რომელ იქმნების ნათესავსა ამას შინა მოღუაწებითა შენითა , სადავე და ყოველთა ადგილთა , შევიწყნარებთ , მჴნეო ფილიქს , ყოვლითა მადლობითა ."
"44024005","ENG","» We have found this man to be a troublemaker who stirs up sedition resists lawful authority among all the Jews throughout the world . He is a ringleader of the sect of the Nazarenes ."
"44024005","KAT","რამეთუ ვპოეთ კაცი ესე ბილწი და შფოთის აღმძრველი ყოველთა შორის ჰურიათა , რომელნი არიან ყოველსა სოფელსა , წინამძღუარი გალილეველთა წვალებისაჲ ,"
"44024010","ENG","The governor motioned for Paul to speak . He said , » I know that you have been a judge for this nation for many years . For this reason I cheerfully make my defense ."
"44024010","KAT","მიუგო პავლე წამის ყოფითა მთავრისაჲთა და თქუა : მრავლით წლითგან გიცოდე შენ მსაჯულად ამის ნათესავისა , გულს-მოდგინებით თავისა ჩემისათჳს სიტყუაჲ მიუგო ."
"44025024","ENG","Festus said , » King Agrippa and all men who are present with us , you see this man , about whom all the crowds of the Jews have dealt with me , both at Jerusalem , and also here , crying that he should not live any longer ."
"44025024","KAT","და თქუა ფესტოს : აღრიპა მეფე და ყოველნი კაცნი , რომელნი ჩუენ თანა ხართ , ჰხედავთა ამას ? ამისთჳს ყოველი სიმრავლე ჰურიათაჲ შემემთხჳა მე იერუსალჱმს და აქაცა ღაღადებდეს და იტყოდეს , ვითარმედ : არა ჯერ-არს ეგე ცხორებად ამიერითგან ."
"44025026","ENG","» I have no certain thing to write to my lord . I have brought him forth before you , and especially before you , O king Agrippa , that , after examination I might have something to write ."
"44025026","KAT","რომლისათჳს განკრძალულად ვერარაჲ მაქუს , რაჲ მივსწერო უფლისა ჩემისა ; ამისთჳს მოვიყვანე ეგე თქუენ წინაშე და უფროჲსღა შენ წინაშე , მეფე აღრიპა , რაჲთა განიკითხო ეგე , და უწყოდი , რაჲ მივწერო ."
"44026016","ENG","» Stand up on your feet . I have appeared to you for this purpose , to make you a minister and a witness both of these things that you have seen , and of those things I will show to you ."
"44026016","KAT","არამედ აღდეგ და დადეგ ფერჴთა შენთა ზედა , რამეთუ ამისთჳს გეჩუენე შენ , რაჲთა დაგადგინო შენ მსახურად და მოწამედ , რომელი იხილე და რომელი გიჩუენო შენ ,"
"44026032","ENG","Then Agrippa said to Festus , » This man might have been set free if he had not appealed to Caesar . «"
"44026032","KAT","ხოლო აღრიპა ჰრქუა ფესტოს : განტევებად ღირდა კაცი ესე , უკუეთუმცა არა ღაღად-ეყო კეისრისა ."
"44027021","ENG","After they spent a long time without eating Paul stood up and said : » Sirs , you should listen to me . You should not have put out to sea from Crete to sustain this damage and loss ."
"44027021","KAT","და ფრიადი უზმობაჲ იყო . მაშინ პავლე აღდგა შორის მათსა და თქუა : ჯერ-იყო , ჵ კაცნო , რაჲთამცა მერჩდით მე და არა წარხუედით კრიტით და შეიძინეთ ჭირი ესე და ზღვევაჲ ."
"44028021","ENG","They said to him : » We have not had letters from Judea about you , and none of the brothers have come to us to give an account or say any evil about you ."
"44028021","KAT","ხოლო მათ ჰრქუეს მას : ჩუენ არცა წიგნი მოგჳჴდა შენთჳს ჰურიასტანით , არცა მო-ვინ-ვიდა ძმათაგანი და გჳთხრა , გინა იტყოდა შენთჳს ბოროტსა ."
"44028025","ENG","So they left , disagreeing among themselves , after Paul had said this one thing : » How well the Holy Spirit spoke through the prophet Isaiah to your ancestors ! «"
"44028025","KAT","და შეუთქუმელ იყვნეს ურთიერთას და განვიდოდეს . თქუა პავლე სიტყუაჲ ერთი , ვითარმედ : კეთილად იტყოდა სული წმიდაჲ ესაიაჲს მიერ წინაწარმეტყუელისა მამათა თქუენთა მიმართ"
"44028027","ENG","‘ » These people have closed their mind and are hard of hearing . They have shut their eyes so that their eyes never see . Their ears never hear . Their minds never understand . They never turn to me for healing . ’"
"44028027","KAT","რამეთუ განზრქნა გული ერისაჲ ამის , და ყურითა მძიმედ ისმინეს და თუალნი მათნი დაიწუხნეს , ნუსადა იხილონ თუალითა და ყურითა ისმინონ და გულითა გულისჴმა-ყონ და მოიქცენ და განვკურნე იგინი ."
"59001012","ENG","The man who endures under trial is blessed . For when he has been approved , he will receive the crown of life that God promised to those who love him ."
"59001012","KAT","ნეტარ არს კაცი იგი , რომელმან დაუთმოს განსაცდელსა , რამეთუ გამოცდილ იქნეს და მოიღოს გჳრგჳნი ცხორებისაჲ , რომელი აღუთქუა ღმერთმან მოყუარეთა მისთა ."
"59002006","ENG","You have dishonored the poor man . Do the rich oppress you , and personally drag you into court ?"
"59002006","KAT","ხოლო თქუენ შეურაცხ-ჰყავთ გლახაკი . ანუ არა მდიდარნი გმძლავრობენა თქუენ , და იგინივე მიგიზიდვენ თქუენ სამსჯავროდ ?"
"59002011","ENG","For he who said : "" Do not commit adultery , "" also said : "" Do not murder "" Greek : phoneuo : kill , slay , murder . Now if you do not commit adultery , but you commit murder , you have become a transgressor of the law ."
"59002011","KAT","რამეთუ რომელმან-იგი თქუა : ნუ იმრუშებ , მანვე თქუა : ნუ კაც-ჰკლავ , ხოლო უკუეთუ იმრუშო არა და კაც-ჰკლა , იქმენ გარდამავალ სჯულისა ."
"59003007","ENG","Every kind of beast and bird , of creeping things and things in the sea , is tamed , and has been tamed by mankind ."
"59003007","KAT","რამეთუ ყოველივე ბუნებაჲ მჴეცთა და მფრინველთაჲ და ქუეწარმავალთაჲ და მცურვალთაჲ დაიმწყსების და დამწყსილ არს ბუნებასა ქუეშე კაცთასა ."
"59005004","ENG","Behold , the wages of the laborers who harvested your fields , which are held back by you , cry out : and the cries of them that reaped have entered into the ears of Jehovah of Hosts ."
"59005004","KAT","აჰა ესერა , სასყიდელი მოქმედთთაჲ მათ , რომელთა განლეწეს ყანაჲ თქუენი , დაკლებული იგი თქუენგან ღაღადებს და ღაღადებაჲ იგი მომკალთაჲ მათ ყურთა უფლისა საბაოთისათა მიიწევის ."
"59005011","ENG","As you know , those who have endured are called blessed . You have heard of the patience perseverance endurance of Job , and have seen the outcome Jehovah provided , how he was very tender with his affection and mercy ."
"59005011","KAT","აჰა ესერა , ვჰნატრით მოთმინეთა მათ . მოთმინებაჲ იობისი გასმიეს და აღსასრული უფლისაჲ იხილეთ , რამეთუ მრავალ-მოწყალე არს და შემწყნარებელ ."
